timestep,datetime,J,Q1,C_J,C_Q1,S
0,2013-12-12,0.0,0.116938373,0.0,,1.754075597
1,2013-12-13,0.0,0.109396665,0.0,,1.640949973
2,2013-12-14,0.0,0.102341344,0.0,,1.535120162
3,2013-12-15,0.0,0.095741042,0.0,,1.436115634
4,2013-12-16,0.0,0.089566414,0.0,0.869327710736,1.343496207
5,2013-12-17,0.0,0.083790006,0.0,,1.256850086
6,2013-12-18,0.0,0.078386136,0.0,,1.175792035
7,2013-12-19,0.0,0.073330777,0.0,,1.099961662
8,2013-12-20,0.0,0.068601455,0.0,,1.029021818
9,2013-12-21,1.676674681,0.175955452,0.81914169,,2.63933178
10,2013-12-22,0.0,0.164607554,0.0,,2.469113316
11,2013-12-23,0.0,0.153991517,0.0,,2.309872754
12,2013-12-24,0.0,0.14406014,0.0,,2.160902096
13,2013-12-25,0.0,0.134769267,0.0,,2.021539004
14,2013-12-26,0.0,0.126077591,0.0,,1.891163859
15,2013-12-27,0.0,0.117946467,0.0,0.862568230643,1.769197
16,2013-12-28,0.0,0.110339743,0.0,,1.655096151
17,2013-12-29,0.0,0.103223601,0.0,,1.548354011
18,2013-12-30,0.741364108,0.145990673,1.349952994,,2.1898601
19,2013-12-31,0.0,0.136575295,0.0,,2.04862942
20,2014-01-01,0.0,0.127767142,0.0,,1.916507132
21,2014-01-02,0.0,0.119527054,0.0,,1.792905809
22,2014-01-03,0.0,0.111818394,0.0,0.8743306713,1.677275908
23,2014-01-04,0.0,0.104606888,0.0,,1.569103327
24,2014-01-05,0.0,0.097860475,0.0,,1.467907123
25,2014-01-06,0.0,0.091549158,0.0,,1.373237367
26,2014-01-07,0.0,0.085644877,0.0,,1.284673149
27,2014-01-08,0.0,0.08012138,0.0,,1.201820704
28,2014-01-09,0.0,0.074954111,0.0,,1.124311664
29,2014-01-10,0.0,0.070120094,0.0,,1.051801415
30,2014-01-11,0.0,0.065597838,0.0,,0.98396757
31,2014-01-12,0.0,0.061367236,0.0,,0.920508535
32,2014-01-13,0.0,0.057409478,0.0,0.870278764103,0.861142164
33,2014-01-14,0.0,0.053706967,0.0,,0.80560451
34,2014-01-15,0.0,0.050243243,0.0,,0.753648646
35,2014-01-16,0.0,0.047002905,0.0,,0.705043573
36,2014-01-17,0.0,0.043971546,0.0,0.869763666089,0.659573187
37,2014-01-18,0.112677512,0.048647522,0.583681729,,0.729712836
38,2014-01-19,0.0,0.045510097,0.0,,0.682651455
39,2014-01-20,0.0,0.042575014,0.0,,0.638625205
40,2014-01-21,0.0,0.039829223,0.0,,0.59743834
41,2014-01-22,0.0,0.037260516,0.0,0.871710875513,0.55890774
42,2014-01-23,0.0,0.034857473,0.0,0.871598363998,0.522862095
43,2014-01-24,0.0,0.032609409,0.0,0.87149676249,0.489141142
44,2014-01-25,0.0,0.03050633,0.0,,0.457594955
45,2014-01-26,0.0,0.028538885,0.0,,0.428083277
46,2014-01-27,0.0,0.026698326,0.0,,0.400474895
47,2014-01-28,0.0,0.024976471,0.0,,0.374647062
48,2014-01-29,0.0,0.023365663,0.0,0.871113340994,0.350484943
49,2014-01-30,0.0,0.021858741,0.0,,0.327881113
50,2014-01-31,0.0,0.020449005,0.0,,0.306735071
51,2014-02-01,0.0,0.019130187,0.0,,0.286952802
52,2014-02-02,0.0,0.017896423,0.0,,0.26844635
53,2014-02-03,0.0,0.016742229,0.0,,0.251133436
54,2014-02-04,0.0,0.015662472,0.0,,0.234937083
55,2014-02-05,0.0,0.014652352,0.0,,0.219785283
56,2014-02-06,0.0,0.013707378,0.0,,0.205610667
57,2014-02-07,0.0,0.012823348,0.0,,0.192350215
58,2014-02-08,0.0,0.011996331,0.0,,0.17994497
59,2014-02-09,0.0,0.011222652,0.0,0.870683337423,0.168339776
60,2014-02-10,0.0,0.010498869,0.0,,0.157483037
61,2014-02-11,0.0,0.009821765,0.0,,0.147326481
62,2014-02-12,0.0,0.00918833,0.0,,0.137824952
63,2014-02-13,0.111532437,0.016031243,0.557229365,0.871909538968,0.240468642
64,2014-02-14,0.414822613,0.042652181,1.121449612,,0.639782708
65,2014-02-15,0.0,0.039901413,0.0,0.885091156193,0.598521192
66,2014-02-16,0.0,0.03732805,0.0,,0.559920756
67,2014-02-17,0.0,0.034920652,0.0,,0.523809778
68,2014-02-18,1.922406819,0.160828968,0.0288084,,2.412434525
69,2014-02-19,0.799150973,0.203733355,1.467139172,,3.056000322
70,2014-02-20,0.0,0.190593977,0.0,0.655625632716,2.858909648
71,2014-02-21,0.0,0.178301996,0.0,,2.674529945
72,2014-02-22,0.0,0.166802763,0.0,,2.502041445
73,2014-02-23,0.0,0.15604515,0.0,,2.340677249
74,2014-02-24,0.725978767,0.194379912,0.516401516,,2.915698683
75,2014-02-25,0.0,0.181843766,0.0,,2.727656484
76,2014-02-26,0.0,0.170116113,0.0,,2.551741694
77,2014-02-27,0.681387361,0.204570636,1.614570932,0.712916176121,3.068559539
78,2014-02-28,0.0,0.191377259,0.0,0.761546323478,2.870658883
79,2014-03-01,0.0,0.179034762,0.0,,2.685521437
80,2014-03-02,0.0,0.167488271,0.0,,2.512324062
81,2014-03-03,0.0,0.156686447,0.0,,2.350296709
82,2014-03-04,0.0,0.146581266,0.0,,2.198718988
83,2014-03-05,0.873832005,0.195383265,0.049083902,,2.930748977
84,2014-03-06,0.0,0.182782409,0.0,,2.741736139
85,2014-03-07,0.0,0.170994221,0.0,,2.564913309
86,2014-03-08,0.0,0.159966288,0.0,,2.399494317
87,2014-03-09,0.0,0.14964958,0.0,,2.244743694
88,2014-03-10,0.0,0.139998227,0.0,0.768634337195,2.099973405
89,2014-03-11,0.0,0.130969319,0.0,,1.964539789
90,2014-03-12,0.0,0.122522713,0.0,,1.837840695
91,2014-03-13,1.362677155,0.205465998,0.733469391,,3.081989963
92,2014-03-14,0.0,0.192214876,0.0,,2.883223138
93,2014-03-15,2.753645319,0.363394714,0.294703568,0.406151843004,5.450920704
94,2014-03-16,0.0,0.339958293,0.0,,5.099374393
95,2014-03-17,0.0,0.318033358,0.0,,4.770500364
96,2014-03-18,0.0,0.297522428,0.0,,4.462836413
97,2014-03-19,0.0,0.278334309,0.0,,4.175014637
98,2014-03-20,0.0,0.26038369,0.0,,3.905755356
99,2014-03-21,0.0,0.243590761,0.0,,3.653861417
100,2014-03-22,0.0,0.227880859,0.0,,3.418212878
101,2014-03-23,0.734711949,0.262164932,0.320660431,,3.932473973
102,2014-03-24,0.0,0.245257125,0.0,0.511306745202,3.67885687
103,2014-03-25,0.0,0.229439753,0.0,,3.441596299
104,2014-03-26,0.0,0.214642492,0.0,,3.219637377
105,2014-03-27,0.0,0.20079955,0.0,,3.011993256
106,2014-03-28,0.0,0.187849382,0.0,,2.81774073
107,2014-03-29,0.0,0.175734409,0.0,,2.636016135
108,2014-03-30,0.0,0.164400767,0.0,,2.466011507
109,2014-03-31,0.014523,0.154766266,0.238741825,0.658459477688,2.321493989
110,2014-04-01,0.0,0.144784923,0.0,,2.171773843
111,2014-04-02,0.0,0.135447307,0.0,,2.0317096
112,2014-04-03,0.0,0.126711901,0.0,0.689944783337,1.900678522
113,2014-04-04,0.0,0.118539869,0.0,,1.778098034
114,2014-04-05,1.163472441,0.188459705,2.608788712,,2.826895571
115,2014-04-06,0.0,0.17630537,0.0,,2.644580553
116,2014-04-07,0.0,0.164934905,0.0,,2.47402358
117,2014-04-08,0.0,0.154297756,0.0,,2.31446634
118,2014-04-09,0.0,0.144346629,0.0,,2.165199428
119,2014-04-10,0.0,0.135037279,0.0,,2.025559188
120,2014-04-11,0.0,0.126328318,0.0,,1.894924769
121,2014-04-12,0.0,0.118181024,0.0,0.796666456062,1.772715358
122,2014-04-13,0.0,0.110559173,0.0,,1.6583876
123,2014-04-14,0.0,0.103428879,0.0,,1.551433183
124,2014-04-15,0.0,0.096758439,0.0,0.78960716978,1.45137658
125,2014-04-16,0.876937851,0.148980719,0.427368559,,2.23471078
126,2014-04-17,0.0,0.139372503,0.0,0.952862711514,2.090587544
127,2014-04-18,0.0,0.13038395,0.0,,1.95575925
128,2014-04-19,0.0,0.121975096,0.0,,1.82962644
129,2014-04-20,0.0,0.114108554,0.0,,1.711628314
130,2014-04-21,0.0,0.10674935,0.0,0.911856974651,1.601240244
131,2014-04-22,0.0,0.099864762,0.0,,1.497971433
132,2014-04-23,0.0,0.093424183,0.0,,1.401362739
133,2014-04-24,1.326063055,0.175803179,0.177378873,,2.637047686
134,2014-04-25,0.0,0.164465102,0.0,,2.46697653
135,2014-04-26,0.0,0.153858252,0.0,0.890823012071,2.307873775
136,2014-04-27,0.0,0.143935469,0.0,,2.159032038
137,2014-04-28,0.0,0.134652637,0.0,,2.019789552
138,2014-04-29,0.0,0.125968482,0.0,,1.889527234
139,2014-04-30,0.0,0.117844395,0.0,,1.767665926
140,2014-05-01,1.657110952,0.220718318,0.146044014,,3.310774773
141,2014-05-02,0.0,0.206483528,0.0,,3.097252926
142,2014-05-03,0.0,0.193166783,0.0,,2.897501747
143,2014-05-04,0.0,0.180708875,0.0,0.625947601682,2.710633123
144,2014-05-05,0.0,0.169054415,0.0,,2.535816221
145,2014-05-06,1.648627138,0.268060062,0.172664791,0.359481309633,4.020900925
146,2014-05-07,0.0,0.25077206,0.0,,3.761580901
147,2014-05-08,0.0,0.234599014,0.0,0.372676877999,3.518985208
148,2014-05-09,0.0,0.219469016,0.0,,3.292035242
149,2014-05-10,0.0,0.205314798,0.0,,3.079721964
150,2014-05-11,0.0,0.192073427,0.0,,2.881101409
151,2014-05-12,0.0,0.179686033,0.0,0.527876462373,2.695290493
152,2014-05-13,0.0,0.168097539,0.0,,2.521463083
153,2014-05-14,0.0,0.157256422,0.0,,2.358846327
154,2014-05-15,0.0,0.147114481,0.0,,2.206717215
155,2014-05-16,0.0,0.137626625,0.0,0.620783724945,2.064399369
156,2014-05-17,0.0,0.128750669,0.0,,1.931260029
157,2014-05-18,1.530047371,0.222450308,1.000479777,,3.336754618
158,2014-05-19,0.0,0.208103817,0.0,,3.121557253
159,2014-05-20,0.0,0.194682574,0.0,0.580053722971,2.920238614
160,2014-05-21,0.0,0.182126908,0.0,,2.731903622
161,2014-05-22,0.0,0.170380995,0.0,,2.55571492
162,2014-05-23,0.0,0.159392611,0.0,0.600331312459,2.39088916
163,2014-05-24,0.0,0.149112901,0.0,,2.236693509
164,2014-05-25,0.0,0.13949616,0.0,,2.092442401
165,2014-05-26,0.0,0.130499632,0.0,,1.957494482
166,2014-05-27,0.0,0.122083317,0.0,,1.831249761
167,2014-05-28,0.0,0.114209796,0.0,,1.713146943
168,2014-05-29,0.0,0.106844062,0.0,0.651378115996,1.602660932
169,2014-05-30,0.0,0.099953366,0.0,,1.499300496
170,2014-05-31,0.0,0.093507072,0.0,,1.402606087
171,2014-06-01,0.0,0.087476519,0.0,,1.312147792
172,2014-06-02,0.0,0.081834895,0.0,,1.227523424
173,2014-06-03,0.0,0.076557116,0.0,,1.148356738
174,2014-06-04,0.0,0.071619717,0.0,,1.07429575
175,2014-06-05,0.0,0.067000745,0.0,,1.005011178
176,2014-06-06,0.0,0.062679665,0.0,,0.940194977
177,2014-06-07,0.0,0.058637265,0.0,,0.879558968
178,2014-06-08,0.0,0.054855571,0.0,0.69659096986,0.822833558
179,2014-06-09,0.0,0.051317769,0.0,,0.769766541
180,2014-06-10,0.0,0.048008132,0.0,,0.720121976
181,2014-06-11,0.317505363,0.066078967,0.286313267,,0.991184502
182,2014-06-12,0.0,0.061817335,0.0,,0.927260025
183,2014-06-13,0.0,0.057830549,0.0,,0.867458231
184,2014-06-14,0.0,0.054100882,0.0,,0.811513234
185,2014-06-15,0.0,0.050611753,0.0,,0.759176299
186,2014-06-16,0.0,0.047347649,0.0,0.694393165953,0.71021473
187,2014-06-17,0.0,0.044294056,0.0,,0.664410841
188,2014-06-18,0.0,0.041437399,0.0,,0.621560983
189,2014-06-19,0.529808602,0.07408555,1.18847212,,1.111283244
190,2014-06-20,0.0,0.069307549,0.0,,1.039613237
191,2014-06-21,4.633990329,0.373770385,1.856218482,,5.606555774
192,2014-06-22,0.0,0.349664806,0.0,1.8305990582,5.244972089
193,2014-06-23,0.0,0.327113868,0.0,1.79530615585,4.906708025
194,2014-06-24,0.0,0.306017309,0.0,,4.590259631
195,2014-06-25,0.0,0.28628133,0.0,1.67330537559,4.294219948
196,2014-06-26,0.0,0.267818184,0.0,,4.017272757
197,2014-06-27,0.0,0.250545782,0.0,,3.758186725
198,2014-06-28,0.0,0.234387329,0.0,,3.515809932
199,2014-06-29,0.0,0.219270983,0.0,1.35644607397,3.289064749
200,2014-06-30,0.0,0.205129536,0.0,,3.076943047
201,2014-07-01,0.0,0.191900114,0.0,,2.878501713
202,2014-07-02,0.0,0.179523897,0.0,1.17573820038,2.692858459
203,2014-07-03,0.0,0.16794586,0.0,,2.519187898
204,2014-07-04,0.0,0.157114525,0.0,,2.356717875
205,2014-07-05,0.0,0.146981736,0.0,,2.204726034
206,2014-07-06,0.0,0.13750244,0.0,1.03414457977,2.062536605
207,2014-07-07,0.0,0.128634493,0.0,,1.929517401
208,2014-07-08,0.0,0.120338467,0.0,,1.805077006
209,2014-07-09,0.0,0.112577477,0.0,,1.688662148
210,2014-07-10,0.0,0.105317016,0.0,,1.579755235
211,2014-07-11,0.0,0.098524804,0.0,,1.477872057
212,2014-07-12,0.0,0.092170642,0.0,,1.382559632
213,2014-07-13,0.0,0.08622628,0.0,0.933132561007,1.293394193
214,2014-07-14,0.0,0.080665287,0.0,,1.209979302
215,2014-07-15,0.0,0.075462939,0.0,0.91993094312,1.131944089
216,2014-07-16,0.0,0.070596107,0.0,,1.058941602
217,2014-07-17,0.0,0.066043151,0.0,,0.990647265
218,2014-07-18,0.0,0.061783829,0.0,,0.926757436
219,2014-07-19,0.0,0.057799204,0.0,,0.866988055
220,2014-07-20,0.0,0.054071559,0.0,,0.811073381
221,2014-07-21,0.0,0.050584321,0.0,,0.758764814
222,2014-07-22,0.0,0.047321986,0.0,,0.709829783
223,2014-07-23,0.0,0.044270048,0.0,,0.66405072
224,2014-07-24,1.169414429,0.119375901,0.547898823,,1.790638517
225,2014-07-25,0.0,0.111676989,0.0,,1.67515484
226,2014-07-26,0.0,0.104474604,0.0,1.10689750259,1.567119054
227,2014-07-27,0.0,0.097736721,0.0,1.09530641099,1.466050821
228,2014-07-28,0.0,0.091433386,0.0,,1.371500784
229,2014-07-29,0.0,0.085536571,0.0,,1.283048563
230,2014-07-30,0.0,0.08002006,0.0,,1.200300893
231,2014-07-31,0.0,0.074859325,0.0,,1.122889869
232,2014-08-01,0.0,0.070031421,0.0,1.05287060513,1.050471316
233,2014-08-02,0.0,0.065514884,0.0,,0.982723254
234,2014-08-03,0.0,0.061289631,0.0,,0.919344468
235,2014-08-04,0.0,0.057336878,0.0,,0.860053172
236,2014-08-05,0.0,0.05363905,0.0,,0.80458575
237,2014-08-06,0.0,0.050179706,0.0,,0.752695589
238,2014-08-07,0.0,0.046943465,0.0,,0.704151981
239,2014-08-08,0.0,0.04391594,0.0,,0.658739097
240,2014-08-09,0.0,0.041083668,0.0,,0.616255026
241,2014-08-10,0.0,0.038434059,0.0,,0.576510882
242,2014-08-11,0.0,0.03595533,0.0,,0.539329957
243,2014-08-12,0.0,0.033636463,0.0,1.01132235479,0.504546942
244,2014-08-13,0.0,0.031467146,0.0,,0.472007188
245,2014-08-14,0.0,0.029437735,0.0,,0.441566022
246,2014-08-15,0.0,0.027539207,0.0,1.00588731595,0.413088098
247,2014-08-16,0.0,0.02576312,0.0,,0.386446801
248,2014-08-17,0.0,0.024101579,0.0,,0.361523681
249,2014-08-18,0.0,0.022547195,0.0,,0.338207929
250,2014-08-19,0.0,0.021093059,0.0,,0.31639588
251,2014-08-20,0.0,0.019732704,0.0,,0.295990556
252,2014-08-21,0.0,0.018460082,0.0,0.998537448922,0.276901233
253,2014-08-22,0.325796088,0.038989275,0.457828805,,0.584839126
254,2014-08-23,0.0,0.036474739,0.0,1.03644486409,0.547121087
255,2014-08-24,0.051660423,0.037566401,0.154239846,,0.563496022
256,2014-08-25,0.0,0.035143631,0.0,,0.527154464
257,2014-08-26,0.0,0.032877112,0.0,,0.493156684
258,2014-08-27,0.0,0.030756768,0.0,1.03281560544,0.461351522
259,2014-08-28,0.0,0.028773171,0.0,,0.431597572
260,2014-08-29,1.525097388,0.128590662,0.391567251,,1.928859931
261,2014-08-30,0.0,0.120297463,0.0,,1.804461939
262,2014-08-31,0.0,0.112539117,0.0,0.939770979951,1.688086748
263,2014-09-01,0.022356608,0.10677157,0.775728015,,1.601573552
264,2014-09-02,0.0,0.09988555,0.0,,1.498283245
265,2014-09-03,0.024789955,0.095096293,2.176445217,,1.426444396
266,2014-09-04,0.0,0.088963246,0.0,,1.334448697
267,2014-09-05,0.0,0.083225738,0.0,,1.248386077
268,2014-09-06,0.0,0.07785826,0.0,,1.167873895
269,2014-09-07,0.422293741,0.100989862,1.51260012,,1.514847927
270,2014-09-08,0.0,0.094476721,0.0,0.899078387844,1.417150817
271,2014-09-09,0.0,0.088383633,0.0,0.902695231814,1.325754488
272,2014-09-10,0.0,0.082683506,0.0,,1.240252584
273,2014-09-11,0.0,0.077350997,0.0,,1.160264956
274,2014-09-12,0.116921789,0.080157184,0.335631249,,1.20235776
275,2014-09-13,0.0,0.074987606,0.0,,1.124814083
276,2014-09-14,0.0,0.070151429,0.0,,1.052271431
277,2014-09-15,0.0,0.065627152,0.0,,0.984407274
278,2014-09-16,0.0,0.061394659,0.0,,0.920919881
279,2014-09-17,0.0,0.057435132,0.0,,0.861526981
280,2014-09-18,0.0,0.053730967,0.0,,0.805964509
281,2014-09-19,0.0,0.050265695,0.0,,0.753985428
282,2014-09-20,0.0,0.047023909,0.0,,0.705358634
283,2014-09-21,0.0,0.043991195,0.0,,0.659867929
284,2014-09-22,0.0,0.04115407,0.0,,0.617311057
285,2014-09-23,0.0,0.03849992,0.0,0.906379090853,0.577498806
286,2014-09-24,0.0,0.036016944,0.0,,0.540254167
287,2014-09-25,1.199307073,0.113647908,0.147798297,,1.70471862
288,2014-09-26,0.0,0.106318412,0.0,,1.594776176
289,2014-09-27,1.162683299,0.176973837,0.565806104,,2.654607552
290,2014-09-28,0.0,0.16556026,0.0,0.616764267626,2.483403907
291,2014-09-29,2.486351357,0.320639537,0.271656713,,4.809593059
292,2014-09-30,0.0,0.299960527,0.0,,4.499407902
293,2014-10-01,0.0,0.280615168,0.0,0.367167290603,4.209227521
294,2014-10-02,0.0,0.26251745,0.0,,3.937761747
295,2014-10-03,0.0,0.245586908,0.0,,3.68380362
296,2014-10-04,0.0,0.229748268,0.0,,3.446224018
297,2014-10-05,0.0,0.214931109,0.0,,3.223966641
298,2014-10-06,0.0,0.201069554,0.0,,3.016043312
299,2014-10-07,0.0,0.188101972,0.0,0.528206462431,2.821529585
300,2014-10-08,0.0,0.175970709,0.0,,2.639560636
301,2014-10-09,0.0,0.164621827,0.0,,2.469327412
302,2014-10-10,0.0,0.154004869,0.0,,2.310073042
303,2014-10-11,0.0,0.144072631,0.0,,2.161089467
304,2014-10-12,0.0,0.134780953,0.0,0.625259343588,2.021714292
305,2014-10-13,0.0,0.126088523,0.0,,1.891327842
306,2014-10-14,0.0,0.117956694,0.0,,1.769350407
307,2014-10-15,0.0,0.110349311,0.0,,1.655239665
308,2014-10-16,0.0,0.103232551,0.0,,1.548488268
309,2014-10-17,0.0,0.096574773,0.0,0.684829623552,1.448621591
310,2014-10-18,0.0,0.090346374,0.0,,1.355195617
311,2014-10-19,0.667678859,0.129031588,2.413572617,,1.935473825
312,2014-10-20,0.45743488,0.151205611,0.839502579,,2.268084162
313,2014-10-21,0.0,0.141453905,0.0,0.710191712341,2.121808576
314,2014-10-22,0.0,0.132331116,0.0,0.710284493862,1.984966744
315,2014-10-23,0.0,0.123796684,0.0,,1.856950254
316,2014-10-24,0.0,0.115812662,0.0,,1.737189934
317,2014-10-25,0.0,0.108343554,0.0,,1.625153317
318,2014-10-26,0.0,0.101356152,0.0,,1.52034228
319,2014-10-27,0.0,0.094819388,0.0,,1.422290823
320,2014-10-28,0.0,0.0887042,0.0,,1.330562999
321,2014-10-29,0.0,0.082983399,0.0,,1.24475098
322,2014-10-30,0.690853971,0.12368848,0.11490077,,1.855327207
323,2014-10-31,0.0,0.115711437,0.0,,1.735671562
324,2014-11-01,0.0,0.108248858,0.0,0.761345351512,1.62373287
325,2014-11-02,0.0,0.101267563,0.0,,1.519013441
326,2014-11-03,0.0,0.094736512,0.0,,1.421047685
327,2014-11-04,2.524481976,0.256925467,1.307882533,,3.853882011
328,2014-11-05,0.0,0.240355569,0.0,,3.605333541
329,2014-11-06,0.0,0.224854314,0.0,,3.372814711
330,2014-11-07,0.0,0.210352781,0.0,,3.155291721
331,2014-11-08,0.0,0.196786496,0.0,,2.951797445
332,2014-11-09,0.0,0.184095142,0.0,,2.761427128
333,2014-11-10,0.0,0.172222291,0.0,,2.583334367
334,2014-11-11,0.159675902,0.171760216,1.194617245,0.922815519144,2.576403247
335,2014-11-12,0.80140902,0.21411015,0.300006546,,3.211652254
336,2014-11-13,0.0,0.200301541,0.0,,3.004523117
337,2014-11-14,0.0,0.187383491,0.0,,2.810752362
338,2014-11-15,1.90793444,0.302494194,0.556134614,,4.537412908
339,2014-11-16,2.161865596,0.427109804,0.312376928,0.354042895293,6.406647066
340,2014-11-17,0.0,0.399564205,0.0,,5.99346308
341,2014-11-18,0.0,0.373795105,0.0,,5.606926576
342,2014-11-19,0.0,0.349687932,0.0,,5.245318977
343,2014-11-20,0.0,0.327135503,0.0,,4.907032541
344,2014-11-21,0.0,0.306037548,0.0,0.557181468412,4.590563218
345,2014-11-22,0.0,0.286300264,0.0,,4.294503956
346,2014-11-23,0.0,0.267835897,0.0,,4.017538448
347,2014-11-24,1.226467059,0.332326823,0.016981587,,4.98490234
348,2014-11-25,0.0,0.310894064,0.0,,4.663410959
349,2014-11-26,0.0,0.290843568,0.0,0.433182058947,4.362653526
350,2014-11-27,0.0,0.27208619,0.0,0.524679354825,4.081292847
351,2014-11-28,0.0,0.254538531,0.0,,3.818077966
352,2014-11-29,0.0,0.238122574,0.0,,3.571838607
353,2014-11-30,0.0,0.222765331,0.0,0.695590171672,3.341479966
354,2014-12-01,0.0,0.208398523,0.0,0.725874410378,3.125977849
355,2014-12-02,0.0,0.194958274,0.0,,2.924374112
356,2014-12-03,0.0,0.182384827,0.0,,2.735772409
357,2014-12-04,0.0,0.17062228,0.0,0.774366431846,2.559334198
358,2014-12-05,0.0,0.159618335,0.0,,2.394275019
359,2014-12-06,0.0,0.149324067,0.0,0.788611300216,2.239861005
360,2014-12-07,0.0,0.139693708,0.0,,2.095405615
361,2014-12-08,0.0,0.130684439,0.0,,1.96026659
362,2014-12-09,0.0,0.122256206,0.0,,1.833843087
363,2014-12-10,0.0,0.114371534,0.0,,1.715573017
364,2014-12-11,0.0,0.106995369,0.0,,1.604930541
365,2014-12-12,0.0,0.100094915,0.0,,1.501423732
366,2014-12-13,0.0,0.093639493,0.0,,1.404592389
367,2014-12-14,0.0,0.087600399,0.0,,1.314005991
368,2014-12-15,0.0,0.081950786,0.0,,1.229261783
369,2014-12-16,0.0,0.076665532,0.0,,1.149982984
370,2014-12-17,0.0,0.071721141,0.0,,1.075817114
371,2014-12-18,2.276244021,0.21884523,0.414989746,,3.282678446
372,2014-12-19,0.0,0.204731241,0.0,,3.070968616
373,2014-12-20,0.0,0.191527506,0.0,,2.872912591
374,2014-12-21,1.671533203,0.290610867,0.478712891,,4.359162999
375,2014-12-22,0.0,0.271868496,0.0,0.471913335847,4.078027435
376,2014-12-23,0.0,0.254334877,0.0,,3.81502315
377,2014-12-24,2.790437583,0.423961226,1.23089194,,6.359418388
378,2014-12-25,0.0,0.396618688,0.0,,5.949280323
379,2014-12-26,0.0,0.371039553,0.0,,5.565593298
380,2014-12-27,0.7073875,0.39426926,1.880831624,,5.914038906
381,2014-12-28,0.0,0.368841647,0.0,,5.532624707
382,2014-12-29,0.0,0.345053937,0.0,,5.175809059
383,2014-12-30,0.0,0.322800369,0.0,,4.842005528
384,2014-12-31,0.0,0.301982,0.0,,4.529729993
385,2015-01-01,0.0,0.28250627,0.0,,4.237594048
386,2015-01-02,0.0,0.264286589,0.0,,3.964298832
387,2015-01-03,0.0,0.24724195,0.0,,3.708629248
388,2015-01-04,0.0,0.231296571,0.0,0.632683271167,3.469448567
389,2015-01-05,0.0,0.216379558,0.0,,3.245693368
390,2015-01-06,0.0,0.202424588,0.0,,3.036368817
391,2015-01-07,0.0,0.189369616,0.0,,2.840544238
392,2015-01-08,0.985665007,0.242867599,0.732528987,,3.643013983
393,2015-01-09,0.499540928,0.260507064,2.474303277,,3.907605956
394,2015-01-10,0.0,0.243706178,0.0,,3.655592666
395,2015-01-11,0.0,0.227988832,0.0,,3.419832474
396,2015-01-12,0.0,0.213285144,0.0,,3.199277167
397,2015-01-13,0.0,0.199529742,0.0,,2.992946137
398,2015-01-14,0.0,0.186661468,0.0,,2.799922017
399,2015-01-15,0.0,0.174623107,0.0,,2.619346604
400,2015-01-16,0.0,0.163361136,0.0,,2.450417044
401,2015-01-17,1.311907915,0.240286012,0.395475708,,3.604290176
402,2015-01-18,0.0,0.224789242,0.0,,3.371838636
403,2015-01-19,0.0,0.210291906,0.0,,3.154378596
404,2015-01-20,1.801313324,0.316817102,0.857748511,,4.752256535
405,2015-01-21,0.0,0.296384612,0.0,,4.445769183
406,2015-01-22,0.0,0.277269875,0.0,,4.159048124
407,2015-01-23,0.0,0.259387905,0.0,,3.890818571
408,2015-01-24,0.0,0.242659197,0.0,0.790984255961,3.639887951
409,2015-01-25,0.0,0.227009374,0.0,,3.405140603
410,2015-01-26,0.0,0.212368855,0.0,,3.185532819
411,2015-01-27,0.0,0.198672547,0.0,,2.980088203
412,2015-01-28,0.0,0.185859555,0.0,,2.78789333
413,2015-01-29,0.0,0.173872912,0.0,,2.608093684
414,2015-01-30,0.0,0.162659324,0.0,,2.439889859
415,2015-01-31,0.0,0.152168934,0.0,0.762963219395,2.282534006
416,2015-02-01,0.0,0.1423551,0.0,0.762525423804,2.135326506
417,2015-02-02,0.0,0.133174191,0.0,,1.997612862
418,2015-02-03,0.0,0.124585386,0.0,,1.868780785
419,2015-02-04,0.0,0.116550499,0.0,,1.748257478
420,2015-02-05,0.0,0.109033806,0.0,,1.635507083
421,2015-02-06,0.0,0.102001887,0.0,,1.5300283
422,2015-02-07,0.0,0.095423477,0.0,,1.431352162
423,2015-02-08,0.0,0.08926933,0.0,,1.339039945
424,2015-02-09,0.0,0.083512081,0.0,,1.252681222
425,2015-02-10,0.0,0.078126136,0.0,,1.171892033
426,2015-02-11,0.0,0.073087546,0.0,,1.096313183
427,2015-02-12,0.0,0.068373909,0.0,0.774294691603,1.02560864
428,2015-02-13,0.0,0.06396427,0.0,0.775484498548,0.959464047
429,2015-02-14,2.135118206,0.202180235,1.727293125,,3.032703524
430,2015-02-15,0.0,0.189141022,0.0,,2.83711533
431,2015-02-16,0.0,0.176942747,0.0,,2.654141208
432,2015-02-17,0.0,0.165531176,0.0,1.06117762531,2.48296764
433,2015-02-18,0.0,0.154855571,0.0,,2.322833571
434,2015-02-19,0.0,0.144868469,0.0,1.01223776576,2.17302703
435,2015-02-20,0.0,0.135525464,0.0,,2.032881966
436,2015-02-21,0.0,0.126785019,0.0,,1.901775278
437,2015-02-22,0.013385445,0.119500633,0.682015443,,1.792509502
438,2015-02-23,2.36035429,0.26915063,0.937765272,,4.03725945
439,2015-02-24,0.0,0.251792294,0.0,,3.776884416
440,2015-02-25,0.0,0.23555345,0.0,,3.533301753
441,2015-02-26,0.0,0.220361898,0.0,,3.30542847
442,2015-02-27,0.046784529,0.209269063,0.359925304,,3.139035951
443,2015-02-28,0.0,0.195772671,0.0,,2.936590058
444,2015-03-01,0.0,0.183146701,0.0,,2.747200512
445,2015-03-02,0.0,0.171335018,0.0,,2.570025268
446,2015-03-03,0.0,0.160285106,0.0,,2.40427659
447,2015-03-04,0.0,0.149947836,0.0,,2.249217544
448,2015-03-05,0.0,0.140277248,0.0,1.05480582962,2.104158723
449,2015-03-06,0.0,0.131230346,0.0,,1.968455183
450,2015-03-07,4.900415464,0.449461269,0.846407626,,6.741919038
451,2015-03-08,0.0,0.420474157,0.0,,6.307112352
452,2015-03-09,0.0,0.393356511,0.0,0.847430452499,5.900347661
453,2015-03-10,0.0,0.367987763,0.0,,5.519816451
454,2015-03-11,0.0,0.344255123,0.0,,5.163826846
455,2015-03-12,0.0,0.322053072,0.0,,4.830796084
456,2015-03-13,0.0,0.301282899,0.0,,4.51924348
457,2015-03-14,0.0,0.281852256,0.0,,4.227783842
458,2015-03-15,0.0,0.263674754,0.0,,3.955121316
459,2015-03-16,0.0,0.246669575,0.0,,3.700043618
460,2015-03-17,0.0,0.23076111,0.0,,3.461416649
461,2015-03-18,0.0,0.21587863,0.0,,3.238179453
462,2015-03-19,0.0,0.201955966,0.0,,3.029339497
463,2015-03-20,0.0,0.188931217,0.0,1.00740186027,2.83396826
464,2015-03-21,0.0,0.176746473,0.0,,2.651197102
465,2015-03-22,0.0,0.165347561,0.0,,2.480213408
466,2015-03-23,0.0,0.154683798,0.0,,2.320256968
467,2015-03-24,0.0,0.144707773,0.0,,2.1706166
468,2015-03-25,0.0,0.135375133,0.0,,2.030626991
469,2015-03-26,0.0,0.126644382,0.0,0.987960023106,1.899665734
470,2015-03-27,0.0,0.118476704,0.0,0.983129931108,1.777150564
471,2015-03-28,0.0,0.110835784,0.0,,1.662536766
472,2015-03-29,0.0,0.10368765,0.0,,1.555314757
473,2015-03-30,0.0,0.097000521,0.0,,1.455007819
474,2015-03-31,0.0,0.090744665,0.0,,1.361169978
475,2015-04-01,1.719682219,0.199537749,0.569453939,0.896349850408,2.993066242
476,2015-04-02,0.0,0.186668958,0.0,,2.800034376
477,2015-04-03,0.0,0.174630114,0.0,,2.619451717
478,2015-04-04,0.0,0.163367692,0.0,,2.450515378
479,2015-04-05,0.0,0.152831617,0.0,,2.292474253
480,2015-04-06,0.0,0.142975045,0.0,0.896053061516,2.144625677
481,2015-04-07,0.0,0.133754153,0.0,,2.006312301
482,2015-04-08,0.0,0.125127945,0.0,0.903259462887,1.876919172
483,2015-04-09,0.0,0.117058066,0.0,0.90530208816,1.755870996
484,2015-04-10,0.0,0.109508639,0.0,,1.642629581
485,2015-04-11,0.0,0.102446096,0.0,,1.536691447
486,2015-04-12,0.0,0.095839039,0.0,,1.437585583
487,2015-04-13,0.0,0.08965809,0.0,,1.344871354
488,2015-04-14,0.0,0.08387577,0.0,,1.258136546
489,2015-04-15,0.0,0.078466368,0.0,0.90779559417,1.176995527
490,2015-04-16,0.0,0.073405836,0.0,,1.101087537
491,2015-04-17,0.0,0.068671672,0.0,0.907179123463,1.030075082
492,2015-04-18,0.0,0.064242829,0.0,,0.963642434
493,2015-04-19,0.0,0.060099615,0.0,,0.901494228
494,2015-04-20,0.0,0.05622361,0.0,,0.843354147
495,2015-04-21,0.0,0.05259758,0.0,0.90561264373,0.788963696
496,2015-04-22,0.0,0.049205403,0.0,,0.738081048
497,2015-04-23,0.0,0.046031998,0.0,,0.690479976
498,2015-04-24,0.0,0.043063256,0.0,,0.645948841
499,2015-04-25,0.377003065,0.065419515,0.176134047,,0.981292718
500,2015-04-26,0.0,0.061200413,0.0,,0.918006192
501,2015-04-27,0.356426169,0.081015158,0.630507561,,1.215227374
502,2015-04-28,0.0,0.075790246,0.0,,1.136853697
503,2015-04-29,0.0,0.070902305,0.0,,1.063534574
504,2015-04-30,0.0,0.066329602,0.0,0.858415667438,0.994944023
505,2015-05-01,0.0,0.062051806,0.0,,0.930777083
506,2015-05-02,0.0,0.058049898,0.0,,0.870748463
507,2015-05-03,0.0,0.054306085,0.0,,0.814591269
508,2015-05-04,0.0,0.050803722,0.0,0.862153254297,0.762055823
509,2015-05-05,0.0,0.047527236,0.0,,0.712908545
510,2015-05-06,1.55884632,0.14838515,4.018637008,,2.225777243
511,2015-05-07,0.0,0.138815344,0.0,1.27543061866,2.082230158
512,2015-05-08,0.0,0.129862724,0.0,1.23758772352,1.947940858
513,2015-05-09,0.0,0.121487485,0.0,,1.822312279
514,2015-05-10,0.0,0.113652391,0.0,,1.704785866
515,2015-05-11,0.0,0.106322606,0.0,1.15797180141,1.594839085
516,2015-05-12,0.0,0.09946554,0.0,,1.491983104
517,2015-05-13,0.0,0.093050708,0.0,,1.395760616
518,2015-05-14,0.0,0.087049587,0.0,,1.305743805
519,2015-05-15,0.0,0.081435497,0.0,,1.221532451
520,2015-05-16,0.0,0.076183476,0.0,,1.14275214
521,2015-05-17,0.0,0.071270174,0.0,,1.069052609
522,2015-05-18,0.0,0.066673746,0.0,1.06955883624,1.000106183
523,2015-05-19,0.0,0.062373755,0.0,,0.93560632
524,2015-05-20,0.0,0.058351083,0.0,,0.875266248
525,2015-05-21,0.0,0.054587846,0.0,,0.818817688
526,2015-05-22,0.0,0.051067311,0.0,,0.766009667
527,2015-05-23,0.0,0.047773826,0.0,,0.716607394
528,2015-05-24,0.0,0.044692748,0.0,,0.670391223
529,2015-05-25,0.0,0.041810378,0.0,,0.627155672
530,2015-05-26,1.051380695,0.109205947,0.709959932,,1.638089206
531,2015-05-27,0.0,0.102162926,0.0,,1.532443895
532,2015-05-28,0.0,0.095574131,0.0,,1.433611968
533,2015-05-29,0.0,0.089410267,0.0,,1.34115401
534,2015-05-30,0.77527401,0.135328864,1.29223951,,2.029932954
535,2015-05-31,0.0,0.126601097,0.0,1.65728568584,1.899016458
536,2015-06-01,0.0,0.118436211,0.0,,1.776543161
537,2015-06-02,0.0,0.110797902,0.0,,1.661968536
538,2015-06-03,0.0,0.103652212,0.0,,1.554783175
539,2015-06-04,0.0,0.096967368,0.0,,1.45451052
540,2015-06-05,0.0,0.09071365,0.0,,1.360704751
541,2015-06-06,0.0,0.084863253,0.0,,1.272948799
542,2015-06-07,0.0,0.079390166,0.0,,1.190852493
543,2015-06-08,0.0,0.074270055,0.0,,1.114050826
544,2015-06-09,0.504167563,0.103091326,0.343420293,,1.546369893
545,2015-06-10,0.0,0.096442656,0.0,,1.446639836
546,2015-06-11,0.0,0.090222778,0.0,,1.353341671
547,2015-06-12,0.0,0.084404039,0.0,,1.266060587
548,2015-06-13,0.0,0.078960568,0.0,,1.184408522
549,2015-06-14,0.0,0.073868163,0.0,,1.108022446
550,2015-06-15,0.0,0.069104183,0.0,1.47186962097,1.036562738
551,2015-06-16,0.147673228,0.074492327,2.060237145,,1.11738491
552,2015-06-17,6.277873746,0.488213009,0.019860282,,7.323195134
553,2015-06-18,0.0,0.45672668,0.0,,6.8509002
554,2015-06-19,0.0,0.427270999,0.0,,6.409064991
555,2015-06-20,0.0,0.399715004,0.0,,5.995725067
556,2015-06-21,0.0,0.373936179,0.0,0.0291931549338,5.60904268
557,2015-06-22,0.0,0.349819907,0.0,,5.247298607
558,2015-06-23,0.0,0.327258967,0.0,,4.908884499
559,2015-06-24,0.0,0.306153049,0.0,0.161103470894,4.592295738
560,2015-06-25,0.0,0.286408316,0.0,,4.29612474
561,2015-06-26,0.0,0.26793698,0.0,,4.019054703
562,2015-06-27,0.0,0.250656917,0.0,,3.759853748
563,2015-06-28,0.0,0.234491296,0.0,,3.517369444
564,2015-06-29,0.0,0.219368246,0.0,,3.290523683
565,2015-06-30,0.0,0.205220526,0.0,,3.07830789
566,2015-07-01,0.0,0.191985236,0.0,,2.879778533
567,2015-07-02,0.0,0.179603529,0.0,,2.694052933
568,2015-07-03,0.0,0.168020356,0.0,,2.520305337
569,2015-07-04,0.0,0.157184216,0.0,,2.357763247
570,2015-07-05,0.0,0.147046932,0.0,,2.205703987
571,2015-07-06,0.0,0.137563432,0.0,,2.063451487
572,2015-07-07,0.0,0.128691552,0.0,,1.930373279
573,2015-07-08,2.228055728,0.268928894,0.193427474,,4.033933415
574,2015-07-09,0.0,0.251584859,0.0,,3.773772886
575,2015-07-10,0.0,0.235359393,0.0,,3.530390895
576,2015-07-11,0.0,0.220180356,0.0,,3.302705342
577,2015-07-12,0.0,0.205980261,0.0,0.526468769305,3.089703917
578,2015-07-13,0.0,0.192695973,0.0,,2.890439596
579,2015-07-14,0.0,0.180268429,0.0,,2.704026432
580,2015-07-15,0.0,0.168642374,0.0,,2.529635615
581,2015-07-16,0.569489372,0.195732077,1.323539316,,2.935981159
582,2015-07-17,0.0,0.183108725,0.0,0.639250764646,2.746630882
583,2015-07-18,0.0,0.171299492,0.0,,2.569492376
584,2015-07-19,0.0,0.160251871,0.0,,2.403778065
585,2015-07-20,0.0,0.149916745,0.0,,2.248751171
586,2015-07-21,0.0,0.140248162,0.0,,2.103722428
587,2015-07-22,0.0,0.131203135,0.0,,1.968047026
588,2015-07-23,0.0,0.122741449,0.0,,1.841121739
589,2015-07-24,0.0,0.114825483,0.0,0.838814882824,1.722382247
590,2015-07-25,0.0,0.107420042,0.0,,1.611300623
591,2015-07-26,0.0,0.100492199,0.0,0.867773588507,1.507382988
592,2015-07-27,0.0,0.094011154,0.0,,1.410167315
593,2015-07-28,0.0,0.087948092,0.0,,1.319221373
594,2015-07-29,0.0,0.082276054,0.0,,1.234140809
595,2015-07-30,0.0,0.076969823,0.0,,1.154547347
596,2015-07-31,0.0,0.072005807,0.0,,1.080087108
597,2015-08-01,0.0,0.067361936,0.0,,1.010429034
598,2015-08-02,0.0,0.063017561,0.0,0.917790597215,0.945263419
599,2015-08-03,0.0,0.058953369,0.0,,0.884300531
600,2015-08-04,0.0,0.055151288,0.0,,0.827269324
601,2015-08-05,0.758065341,0.102132105,1.436217554,,1.531981572
602,2015-08-06,0.0,0.095545297,0.0,,1.433179462
603,2015-08-07,0.0,0.089383293,0.0,,1.340749397
604,2015-08-08,0.0,0.083618695,0.0,,1.254280426
605,2015-08-09,0.0,0.078225873,0.0,,1.1733881
606,2015-08-10,0.0,0.073180851,0.0,0.846213847463,1.097712764
607,2015-08-11,0.0,0.068461197,0.0,,1.026917958
608,2015-08-12,0.0,0.064045928,0.0,,0.960688923
609,2015-08-13,0.0,0.059915413,0.0,,0.898731198
610,2015-08-14,0.0,0.056051288,0.0,,0.840769313
611,2015-08-15,0.0,0.052436371,0.0,,0.786545565
612,2015-08-16,0.0,0.049054591,0.0,,0.73581887
613,2015-08-17,0.0,0.045890913,0.0,,0.688363693
614,2015-08-18,0.0,0.04293127,0.0,,0.643969043
615,2015-08-19,0.0,0.040162503,0.0,,0.602437538
616,2015-08-20,0.0,0.037572302,0.0,0.875215116212,0.563584525
617,2015-08-21,0.0,0.035149151,0.0,,0.52723726
618,2015-08-22,0.0,0.032882276,0.0,,0.493234139
619,2015-08-23,0.711707171,0.078208744,0.403443955,,1.173131153
620,2015-08-24,0.152672825,0.083343014,0.641354929,0.831261852708,1.250145213
621,2015-08-25,0.0,0.077967972,0.0,,1.169519579
622,2015-08-26,0.0,0.072939582,0.0,,1.094093735
623,2015-08-27,0.0,0.068235489,0.0,,1.023532332
624,2015-08-28,0.0,0.063834776,0.0,0.842594410274,0.957521646
625,2015-08-29,0.0,0.059717879,0.0,,0.895768188
626,2015-08-30,0.0,0.055866493,0.0,,0.837997397
627,2015-08-31,0.093301428,0.05848359,1.033803481,,0.877253846
628,2015-09-01,0.0,0.054711807,0.0,,0.820677101
629,2015-09-02,0.0,0.051183277,0.0,,0.76774916
630,2015-09-03,0.0,0.047882313,0.0,,0.718234702
631,2015-09-04,0.0,0.044794239,0.0,,0.671913581
632,2015-09-05,0.0,0.041905323,0.0,,0.628579848
633,2015-09-06,0.0,0.039202723,0.0,,0.588040839
634,2015-09-07,0.0,0.036674421,0.0,0.859176657094,0.550116312
635,2015-09-08,0.0,0.034309177,0.0,,0.514637652
636,2015-09-09,0.0,0.032096475,0.0,,0.481447119
637,2015-09-10,0.0,0.030026476,0.0,,0.450397142
638,2015-09-11,0.0,0.028089978,0.0,,0.421349673
639,2015-09-12,0.0,0.026278371,0.0,,0.394175562
640,2015-09-13,0.0,0.024583599,0.0,,0.368753992
641,2015-09-14,0.0,0.022998129,0.0,0.865851675435,0.344971935
642,2015-09-15,1.023105263,0.089721928,2.299918555,,1.345828917
643,2015-09-16,0.0,0.08393549,0.0,,1.259032353
644,2015-09-17,0.0,0.078522237,0.0,,1.17783356
645,2015-09-18,0.0,0.073458102,0.0,,1.101871523
646,2015-09-19,0.0,0.068720567,0.0,,1.030808506
647,2015-09-20,0.0,0.064288571,0.0,,0.964328558
648,2015-09-21,0.023571008,0.061713807,0.155666602,,0.92570711
649,2015-09-22,0.0,0.057733698,0.0,,0.866005468
650,2015-09-23,0.0,0.054010278,0.0,,0.810154164
651,2015-09-24,0.0,0.050526992,0.0,,0.757904879
652,2015-09-25,1.866089365,0.171674312,0.824340533,,2.575114674
653,2015-09-26,0.0,0.160602518,0.0,,2.409037765
654,2015-09-27,0.0,0.150244777,0.0,,2.253671656
655,2015-09-28,0.0,0.140555038,0.0,1.1041193357,2.108325576
656,2015-09-29,0.0,0.13149022,0.0,,1.972353303
657,2015-09-30,0.171318706,0.134431267,1.225680233,,2.016468998
658,2015-10-01,0.0,0.125761389,0.0,1.08447974148,1.886420833
659,2015-10-02,0.0,0.117650658,0.0,,1.764759866
660,2015-10-03,0.0,0.110063012,0.0,1.06934266338,1.650945181
661,2015-10-04,0.0,0.102964717,0.0,,1.544470749
662,2015-10-05,0.0,0.096324212,0.0,,1.444863174
663,2015-10-06,0.0,0.090111973,0.0,,1.351679592
664,2015-10-07,0.54976428,0.120951332,0.431913412,,1.81426998
665,2015-10-08,0.0,0.113150816,0.0,,1.697262239
666,2015-10-09,0.0,0.105853379,0.0,,1.58780068
667,2015-10-10,0.0,0.099026575,0.0,1.04858094464,1.485398627
668,2015-10-11,0.0,0.092640053,0.0,1.04497049569,1.389600791
669,2015-10-12,0.0,0.086665416,0.0,,1.299981246
670,2015-10-13,0.0,0.081076102,0.0,,1.216141536
671,2015-10-14,0.0,0.07584726,0.0,,1.137708902
672,2015-10-15,0.0,0.070955642,0.0,,1.064334625
673,2015-10-16,0.0,0.066379498,0.0,1.03075572345,0.995692476
674,2015-10-17,0.0,0.062098484,0.0,,0.931477266
675,2015-10-18,0.0,0.058093566,0.0,,0.871403489
676,2015-10-19,0.0,0.054346937,0.0,,0.815204051
677,2015-10-20,0.0,0.050841939,0.0,,0.762629084
678,2015-10-21,0.0,0.047562989,0.0,,0.713444835
679,2015-10-22,0.0,0.044495508,0.0,,0.667432626
680,2015-10-23,0.0,0.041625859,0.0,,0.624387884
681,2015-10-24,0.0,0.038941282,0.0,,0.584119227
682,2015-10-25,0.0,0.036429841,0.0,1.01685222694,0.546447617
683,2015-10-26,0.0,0.034080371,0.0,,0.511205562
684,2015-10-27,0.0,0.031882425,0.0,1.01497742757,0.478236374
685,2015-10-28,0.381940376,0.055288923,3.001264288,,0.829333845
686,2015-10-29,0.0,0.051723174,0.0,1.02513866839,0.775847605
687,2015-10-30,0.0,0.04838739,0.0,,0.725810854
688,2015-10-31,0.0,0.045266742,0.0,,0.679001123
689,2015-11-01,0.0,0.042347353,0.0,1.0208872999,0.635210294
690,2015-11-02,0.0,0.039616244,0.0,,0.594243667
691,2015-11-03,0.0,0.037061273,0.0,,0.555919101
692,2015-11-04,0.0,0.03467108,0.0,,0.520066202
693,2015-11-05,0.0,0.032435038,0.0,,0.486525565
694,2015-11-06,0.0,0.030343204,0.0,,0.455148064
695,2015-11-07,0.0,0.02838628,0.0,,0.425794193
696,2015-11-08,0.0,0.026555563,0.0,,0.398333442
697,2015-11-09,0.0,0.024842914,0.0,,0.372643717
698,2015-11-10,0.0,0.02324072,0.0,1.01283327568,0.348610801
699,2015-11-11,0.0,0.021741856,0.0,1.01223538926,0.326127839
700,2015-11-12,0.0,0.020339658,0.0,,0.305094871
701,2015-11-13,0.0,0.019027892,0.0,1.01116489895,0.285418383
702,2015-11-14,0.413056803,0.045337846,0.424215258,1.01942549939,0.680067694
703,2015-11-15,0.0,0.042413872,0.0,,0.636208078
704,2015-11-16,0.634287693,0.08196432,0.070003664,,1.229464794
705,2015-11-17,0.0,0.076678194,0.0,,1.150172903
706,2015-11-18,0.0,0.071732986,0.0,,1.075994784
707,2015-11-19,0.0,0.067106709,0.0,,1.006600637
708,2015-11-20,0.0,0.062778795,0.0,,0.941681927
709,2015-11-21,0.0,0.058730001,0.0,,0.88095002
710,2015-11-22,0.0,0.054942326,0.0,1.03581748175,0.824134897
711,2015-11-23,0.0,0.05139893,0.0,,0.770983953
712,2015-11-24,0.0,0.048084058,0.0,1.03352987459,0.721260873
713,2015-11-25,0.0,0.044982972,0.0,,0.674744585
714,2015-11-26,0.0,0.042081885,0.0,,0.631228272
715,2015-11-27,0.0,0.039367897,0.0,,0.590518458
716,2015-11-28,0.0,0.036828943,0.0,1.02963003877,0.552434142
717,2015-11-29,0.0,0.034453733,0.0,,0.516805999
718,2015-11-30,0.0,0.032231708,0.0,,0.483475622
719,2015-12-01,1.961396558,0.160912759,1.634480106,0.978452459309,2.413691379
720,2015-12-02,0.0,0.15053501,0.0,1.10213705817,2.258025145
721,2015-12-03,0.0,0.140826553,0.0,,2.112398296
722,2015-12-04,0.0,0.131744224,0.0,1.08685471527,1.976163361
723,2015-12-05,0.0,0.123247642,0.0,1.08099016161,1.848714628
724,2015-12-06,0.0,0.11529903,0.0,1.07594227862,1.729485447
725,2015-12-07,0.0,0.107863048,0.0,,1.617945717
726,2015-12-08,0.0,0.100906635,0.0,,1.513599519
727,2015-12-09,0.0,0.094398862,0.0,1.06412548826,1.415982923
728,2015-12-10,0.0,0.088310794,0.0,,1.324661915
729,2015-12-11,2.211215164,0.230029709,0.243577991,,3.450445638
730,2015-12-12,0.0,0.2151944,0.0,,3.227915996
731,2015-12-13,0.0,0.201315864,0.0,,3.019737961
732,2015-12-14,0.0,0.188332397,0.0,,2.824985956
733,2015-12-15,0.0,0.176186273,0.0,,2.642794094
734,2015-12-16,0.0,0.164823489,0.0,0.94800474439,2.472352335
735,2015-12-17,0.0,0.154193525,0.0,0.962342691194,2.312902879
736,2015-12-18,0.0,0.14424912,0.0,,2.163736799
737,2015-12-19,2.279558763,0.286916644,0.333931467,,4.303749653
738,2015-12-20,0.0,0.268412524,0.0,,4.026187862
739,2015-12-21,0.0,0.251101791,0.0,,3.766526868
740,2015-12-22,0.0,0.23490748,0.0,,3.523612194
741,2015-12-23,0.0,0.219757588,0.0,,3.29636382
742,2015-12-24,0.0,0.205584759,0.0,,3.083771379
743,2015-12-25,0.0,0.192325978,0.0,,2.884889665
744,2015-12-26,0.0,0.179922296,0.0,,2.698834433
745,2015-12-27,0.0,0.168318564,0.0,,2.524778463
746,2015-12-28,0.662796529,0.201649628,1.191281357,,3.024744418
747,2015-12-29,0.0,0.188644635,0.0,,2.829669531
748,2015-12-30,0.0,0.176478374,0.0,,2.647175611
749,2015-12-31,0.0,0.165096752,0.0,,2.476451275
750,2016-01-01,0.0,0.154449164,0.0,0.776760890075,2.316737466
751,2016-01-02,0.0,0.144488272,0.0,0.793236062052,2.167324082
752,2016-01-03,0.0,0.135169788,0.0,,2.027546817
753,2016-01-04,0.704387755,0.173411464,0.34152691,0.756655917163,2.601171965
754,2016-01-05,0.0,0.162227636,0.0,0.744435836156,2.433414542
755,2016-01-06,0.0,0.151765087,0.0,,2.276476302
756,2016-01-07,0.0,0.141977299,0.0,,2.129659482
757,2016-01-08,0.0,0.132820755,0.0,0.788484415887,1.992311321
758,2016-01-09,0.0,0.124254744,0.0,0.800133528067,1.863821157
759,2016-01-10,0.0,0.116241181,0.0,0.810409967451,1.743617711
760,2016-01-11,0.176315084,0.120498775,1.965049816,,1.807481632
761,2016-01-12,0.0,0.112727446,0.0,,1.690911692
762,2016-01-13,0.0,0.105457313,0.0,,1.581859699
763,2016-01-14,0.0,0.098656053,0.0,,1.479840798
764,2016-01-15,0.0,0.092293427,0.0,,1.384401403
765,2016-01-16,0.096633976,0.092783411,0.152110885,,1.391751159
766,2016-01-17,0.0,0.086799529,0.0,,1.30199293
767,2016-01-18,0.0,0.081201565,0.0,,1.218023481
768,2016-01-19,0.0,0.075964632,0.0,0.839468072533,1.139469474
769,2016-01-20,0.0,0.071065443,0.0,,1.065981652
770,2016-01-21,0.0,0.066482219,0.0,,0.997233282
771,2016-01-22,0.0,0.06219458,0.0,,0.932918701
772,2016-01-23,0.0,0.058183464,0.0,0.852795386319,0.872751961
773,2016-01-24,0.0,0.054431037,0.0,,0.816465556
774,2016-01-25,1.228297674,0.132807127,0.149172155,,1.992106904
775,2016-01-26,0.0,0.124241995,0.0,,1.863629924
776,2016-01-27,0.0,0.116229254,0.0,,1.743438811
777,2016-01-28,0.0,0.108733279,0.0,,1.630999186
778,2016-01-29,0.0,0.101720742,0.0,0.738182915169,1.525811131
779,2016-01-30,0.372403158,0.119987342,0.157027609,,1.799810129
780,2016-01-31,0.0,0.112248997,0.0,0.692162516578,1.683734948
781,2016-02-01,0.0,0.10500972,0.0,,1.575145805
782,2016-02-02,0.0,0.098237327,0.0,,1.473559903
783,2016-02-03,0.0,0.091901705,0.0,,1.378525582
784,2016-02-04,0.0,0.085974687,0.0,,1.289620311
785,2016-02-05,0.09448873,0.086729169,2.961088979,,1.300937539
786,2016-02-06,0.0,0.081135744,0.0,,1.217036155
787,2016-02-07,0.0,0.075903055,0.0,,1.138545824
788,2016-02-08,0.0,0.071007838,0.0,,1.065117571
789,2016-02-09,0.0,0.066428328,0.0,,0.996424927
790,2016-02-10,1.295650543,0.148520868,1.092330903,,2.227813023
791,2016-02-11,0.0,0.13894231,0.0,,2.084134644
792,2016-02-12,0.0,0.129981501,0.0,,1.949722517
793,2016-02-13,0.946729816,0.184713923,1.128351273,,2.770708849
794,2016-02-14,0.0,0.172801165,0.0,,2.592017482
795,2016-02-15,0.0,0.161656697,0.0,,2.42485046
796,2016-02-16,0.0,0.15123097,0.0,,2.268464543
797,2016-02-17,0.0,0.141477628,0.0,,2.122164425
798,2016-02-18,0.0,0.13235331,0.0,,1.985299643
799,2016-02-19,0.0,0.123817446,0.0,,1.857261684
800,2016-02-20,0.0,0.115832085,0.0,0.739316425232,1.737481278
801,2016-02-21,0.0,0.108361725,0.0,,1.625425872
802,2016-02-22,0.0,0.10137315,0.0,,1.520597257
803,2016-02-23,0.0,0.09483529,0.0,,1.422529355
804,2016-02-24,0.0,0.088719077,0.0,,1.330786148
805,2016-02-25,0.0,0.082997316,0.0,,1.244959737
806,2016-02-26,0.0,0.077644569,0.0,,1.16466853
807,2016-02-27,0.0,0.072637036,0.0,,1.089555545
808,2016-02-28,0.0,0.067952455,0.0,,1.019286823
809,2016-02-29,2.45870082,0.227483384,1.219001525,,3.412250762
810,2016-03-01,0.0,0.212812295,0.0,,3.192184423
811,2016-03-02,0.0,0.199087388,0.0,,2.986310825
812,2016-03-03,0.767575041,0.237419312,0.687317356,,3.561289677
813,2016-03-04,0.0,0.222107425,0.0,,3.331611369
814,2016-03-05,0.0,0.207783047,0.0,1.00867837989,3.116745707
815,2016-03-06,0.0,0.194382492,0.0,,2.915737379
816,2016-03-07,0.173479963,0.19341151,1.239665292,,2.901172648
817,2016-03-08,0.0,0.180937818,0.0,,2.714067277
818,2016-03-09,0.611078074,0.210007131,0.124672425,,3.15010697
819,2016-03-10,0.0,0.196463138,0.0,,2.946947074
820,2016-03-11,0.0,0.183792638,0.0,,2.756889572
821,2016-03-12,0.0,0.171939297,0.0,,2.579089452
822,2016-03-13,0.0,0.160850413,0.0,0.919822003138,2.412756197
823,2016-03-14,0.0,0.150476685,0.0,,2.257150276
824,2016-03-15,0.0,0.14077199,0.0,,2.111579849
825,2016-03-16,0.0,0.13169318,0.0,,1.975397698
826,2016-03-17,0.0,0.12319989,0.0,,1.847998345
827,2016-03-18,0.0,0.115254357,0.0,,1.72881536
828,2016-03-19,0.325826661,0.129543034,0.427007468,0.892900745786,1.943145506
829,2016-03-20,0.0,0.121188413,0.0,,1.817826193
830,2016-03-21,0.0,0.113372607,0.0,0.884532642765,1.700589102
831,2016-03-22,0.0,0.106060866,0.0,,1.590912983
832,2016-03-23,0.0,0.099220681,0.0,,1.488310208
833,2016-03-24,0.0,0.09282164,0.0,,1.392324596
834,2016-03-25,0.0,0.086835292,0.0,0.880525551461,1.302529385
835,2016-03-26,0.0,0.081235023,0.0,,1.218525338
836,2016-03-27,0.0,0.075995931,0.0,0.87945505363,1.139938965
837,2016-03-28,0.0,0.071094724,0.0,0.879097228284,1.066420864
838,2016-03-29,0.0,0.066509611,0.0,,0.997644167
839,2016-03-30,0.0,0.062220206,0.0,,0.933303087
840,2016-03-31,0.0,0.058207437,0.0,,0.873111557
841,2016-04-01,0.0,0.054453464,0.0,,0.81680196
842,2016-04-02,0.0,0.050941596,0.0,,0.764123939
843,2016-04-03,0.0,0.047656219,0.0,,0.714843283
844,2016-04-04,0.0,0.044582726,0.0,0.878446242462,0.668740884
845,2016-04-05,0.0,0.041707451,0.0,,0.625611768
846,2016-04-06,0.0,0.039017612,0.0,,0.585264179
847,2016-04-07,0.0,0.036501249,0.0,,0.547518728
848,2016-04-08,0.0,0.034147173,0.0,0.878693627366,0.512207594
849,2016-04-09,0.0,0.031944919,0.0,,0.479173782
850,2016-04-10,0.0,0.029884695,0.0,,0.44827042
851,2016-04-11,1.141200874,0.104037399,0.83719841,,1.560560983
852,2016-04-12,0.0,0.097327713,0.0,,1.4599157
853,2016-04-13,0.0,0.091050756,0.0,,1.365761335
854,2016-04-14,0.0,0.085178618,0.0,,1.277679269
855,2016-04-15,0.0,0.079685192,0.0,0.836730573457,1.195277881
856,2016-04-16,0.0,0.074546054,0.0,,1.118190807
857,2016-04-17,0.0,0.069738354,0.0,,1.04607531
858,2016-04-18,0.0,0.065240717,0.0,,0.97861076
859,2016-04-19,0.0,0.061033147,0.0,,0.915497201
860,2016-04-20,0.0,0.057096935,0.0,,0.856454026
861,2016-04-21,0.0,0.053414582,0.0,,0.801218724
862,2016-04-22,0.0,0.049969714,0.0,,0.749545713
863,2016-04-23,0.0,0.046747017,0.0,,0.70120525
864,2016-04-24,0.0,0.043732161,0.0,,0.655982409
865,2016-04-25,0.0,0.040911742,0.0,,0.613676126
866,2016-04-26,0.0,0.03827322,0.0,,0.574098302
867,2016-04-27,0.0,0.035804865,0.0,0.845943663627,0.537072972
868,2016-04-28,0.0,0.033495701,0.0,,0.502435517
869,2016-04-29,0.0,0.031335462,0.0,0.846736735014,0.470031936
870,2016-04-30,0.0,0.029314544,0.0,,0.439718159
871,2016-05-01,0.0,0.027423961,0.0,,0.411359409
872,2016-05-02,0.0,0.025655307,0.0,,0.384829601
873,2016-05-03,0.0,0.024000719,0.0,,0.360010779
874,2016-05-04,0.0,0.02245284,0.0,,0.336792599
875,2016-05-05,0.0,0.021004789,0.0,,0.315071829
876,2016-05-06,0.0,0.019650126,0.0,0.848714816588,0.294751896
877,2016-05-07,0.0,0.018382831,0.0,,0.275742458
878,2016-05-08,0.0,0.017197266,0.0,,0.257958996
879,2016-05-09,0.0,0.016088163,0.0,,0.241322442
880,2016-05-10,0.0,0.015050589,0.0,,0.22575883
881,2016-05-11,0.0,0.014079931,0.0,,0.211198963
882,2016-05-12,0.0,0.013171874,0.0,0.849752163924,0.197578105
883,2016-05-13,0.0,0.01232238,0.0,,0.184835697
884,2016-05-14,0.0,0.011527672,0.0,,0.172915086
885,2016-05-15,0.0,0.010784218,0.0,,0.161763271
886,2016-05-16,0.0,0.010088711,0.0,,0.15133067
887,2016-05-17,0.0,0.00943806,0.0,,0.141570898
888,2016-05-18,0.0,0.008829371,0.0,,0.132440564
889,2016-05-19,0.0,0.008259938,0.0,,0.123899073
890,2016-05-20,0.0,0.00772723,0.0,,0.115908448
891,2016-05-21,0.0,0.007228878,0.0,0.850665526839,0.108433163
892,2016-05-22,0.0,0.006762665,0.0,,0.101439981
893,2016-05-23,0.0,0.006326521,0.0,,0.094897811
894,2016-05-24,0.0,0.005918504,0.0,,0.088777565
895,2016-05-25,0.0,0.005536802,0.0,,0.083052032
896,2016-05-26,1.852352219,0.128669865,1.397782481,,1.930047976
897,2016-05-27,0.0,0.120371558,0.0,,1.805573363
898,2016-05-28,0.0,0.112608433,0.0,0.902336468393,1.689126493
899,2016-05-29,0.0,0.105345976,0.0,,1.580189633
900,2016-05-30,0.0,0.098551896,0.0,,1.478278439
901,2016-05-31,0.0,0.092195987,0.0,,1.382939806
902,2016-06-01,1.547237159,0.189399134,1.45771277,,2.840987007
903,2016-06-02,0.0,0.177184213,0.0,,2.65776319
904,2016-06-03,0.0,0.165757069,0.0,1.12533590227,2.486356028
905,2016-06-04,0.0,0.155066895,0.0,,2.326003432
906,2016-06-05,0.0,0.145066164,0.0,,2.175992458
907,2016-06-06,0.0,0.13571041,0.0,,2.035656144
908,2016-06-07,0.0,0.126958036,0.0,1.05437027163,1.904370541
909,2016-06-08,0.0,0.11877013,0.0,,1.781551944
910,2016-06-09,0.0,0.111110286,0.0,,1.666654287
911,2016-06-10,0.0,0.103944448,0.0,,1.559166727
912,2016-06-11,0.0,0.097240758,0.0,,1.458611364
913,2016-06-12,0.0,0.090969408,0.0,,1.36454112
914,2016-06-13,0.0,0.085102517,0.0,,1.276537749
915,2016-06-14,0.0,0.079613999,0.0,,1.194209981
916,2016-06-15,0.0,0.074479452,0.0,,1.117191779
917,2016-06-16,0.0,0.069676048,0.0,,1.045140713
918,2016-06-17,0.0,0.065182429,0.0,0.983104968961,0.977736437
919,2016-06-18,0.0,0.060978618,0.0,0.979823161919,0.914679266
920,2016-06-19,0.0,0.057045923,0.0,,0.855688843
921,2016-06-20,0.0,0.053366859,0.0,,0.800502889
922,2016-06-21,0.0,0.04992507,0.0,,0.748876044
923,2016-06-22,0.0,0.046705251,0.0,,0.700578771
924,2016-06-23,0.0,0.043693089,0.0,,0.655396333
925,2016-06-24,0.0,0.04087519,0.0,,0.613127848
926,2016-06-25,0.0,0.038239026,0.0,,0.573585384
927,2016-06-26,0.0,0.035772876,0.0,,0.536593134
928,2016-06-27,0.0,0.033465775,0.0,,0.501986625
929,2016-06-28,0.0,0.031307466,0.0,,0.469611994
930,2016-06-29,0.0,0.029288353,0.0,,0.4393253
931,2016-06-30,0.0,0.027399459,0.0,,0.410991887
932,2016-07-01,0.0,0.025632385,0.0,,0.384485781
933,2016-07-02,0.0,0.023979276,0.0,,0.359689134
934,2016-07-03,0.0,0.02243278,0.0,0.956597578582,0.336491697
935,2016-07-04,0.0,0.020986022,0.0,,0.314790333
936,2016-07-05,0.0,0.01963257,0.0,,0.294488556
937,2016-07-06,0.0,0.018366407,0.0,,0.275496101
938,2016-07-07,0.0,0.017181902,0.0,,0.257728527
939,2016-07-08,0.0,0.016073789,0.0,0.953773559622,0.241106837
940,2016-07-09,0.0,0.015037142,0.0,,0.22555713
941,2016-07-10,0.0,0.014067351,0.0,,0.211010271
942,2016-07-11,0.0,0.013160105,0.0,,0.197401582
943,2016-07-12,0.0,0.012311371,0.0,,0.184670559
944,2016-07-13,0.0,0.011517373,0.0,,0.172760598
945,2016-07-14,0.0,0.010774583,0.0,,0.161618746
946,2016-07-15,0.0,0.010079698,0.0,0.951328403266,0.151195466
947,2016-07-16,0.0,0.009429628,0.0,,0.141444414
948,2016-07-17,0.0,0.008821483,0.0,,0.132322238
949,2016-07-18,0.0,0.008252559,0.0,,0.123788378
950,2016-07-19,0.0,0.007720326,0.0,,0.115804892
951,2016-07-20,0.0,0.007222419,0.0,,0.108336285
952,2016-07-21,0.0,0.006756623,0.0,0.950058387404,0.101349352
953,2016-07-22,0.472322724,0.03780905,1.44769524,,0.567135751
954,2016-07-23,0.0,0.03537063,0.0,,0.530559456
955,2016-07-24,0.0,0.033089472,0.0,,0.496342077
956,2016-07-25,0.0,0.030955432,0.0,,0.46433148
957,2016-07-26,0.0,0.028959023,0.0,1.0123271822,0.434385343
958,2016-07-27,0.0,0.027091368,0.0,,0.406370523
959,2016-07-28,0.0,0.025344164,0.0,,0.380162462
960,2016-07-29,0.0,0.023709643,0.0,,0.355644639
961,2016-07-30,0.0,0.022180536,0.0,1.00751176203,0.332708044
962,2016-07-31,1.445545755,0.117119764,0.433539941,,1.756796454
963,2016-08-01,0.0,0.109566357,0.0,,1.643495354
964,2016-08-02,0.0,0.102500092,0.0,,1.537501384
965,2016-08-03,0.0,0.095889552,0.0,,1.438343284
966,2016-08-04,0.0,0.089705346,0.0,,1.345580189
967,2016-08-05,0.0,0.083919978,0.0,,1.258799666
968,2016-08-06,0.0,0.078507725,0.0,,1.17761588
969,2016-08-07,0.0,0.073444525,0.0,,1.101667881
970,2016-08-08,0.0,0.068707867,0.0,,1.030617998
971,2016-08-09,0.0,0.064276689,0.0,,0.964150336
972,2016-08-10,0.0,0.060131292,0.0,1.08111927139,0.901969374
973,2016-08-11,0.0,0.056253243,0.0,,0.84379865
974,2016-08-12,0.0,0.052625302,0.0,,0.789379531
975,2016-08-13,0.0,0.049231338,0.0,,0.738470065
976,2016-08-14,0.0,0.04605626,0.0,1.07097725074,0.690843904
977,2016-08-15,0.079940993,0.048415353,0.008862218,1.06847090892,0.726230291
978,2016-08-16,0.0,0.045292901,0.0,,0.67939351
979,2016-08-17,0.0,0.042371825,0.0,,0.635577374
980,2016-08-18,0.0,0.039639138,0.0,,0.594587073
981,2016-08-19,0.0,0.037082691,0.0,,0.55624036
982,2016-08-20,0.0,0.034691116,0.0,,0.520366742
983,2016-08-21,0.0,0.032453781,0.0,,0.486806722
984,2016-08-22,0.0,0.030360739,0.0,,0.455411089
985,2016-08-23,3.414161554,0.256013454,2.152128566,,3.840201809
986,2016-08-24,0.0,0.239502374,0.0,,3.592535616
987,2016-08-25,1.158827129,0.301311286,0.387306617,,4.519669291
988,2016-08-26,0.0,0.281878813,0.0,,4.228182192
989,2016-08-27,0.0,0.263699598,0.0,,3.955493975
990,2016-08-28,0.0,0.246692816,0.0,,3.700392243
991,2016-08-29,0.0,0.230782853,0.0,1.48057698908,3.46174279
992,2016-08-30,0.0,0.215898971,0.0,,3.238484561
993,2016-08-31,0.0,0.201974995,0.0,,3.029624927
994,2016-09-01,0.0,0.188949019,0.0,,2.834235282
995,2016-09-02,0.0,0.176763127,0.0,,2.651446903
996,2016-09-03,0.0,0.16536314,0.0,,2.480447098
997,2016-09-04,0.0,0.154698372,0.0,,2.320475587
998,2016-09-05,0.0,0.144721408,0.0,1.35252818438,2.17082112
999,2016-09-06,0.0,0.135387888,0.0,,2.030818321
1000,2016-09-07,0.0,0.126656315,0.0,1.31915413403,1.899844724
1001,2016-09-08,0.0,0.118487867,0.0,1.30466031292,1.77731801
1002,2016-09-09,0.0,0.110846228,0.0,1.29146785075,1.662693413
1003,2016-09-10,0.0,0.10369742,0.0,,1.555461302
1004,2016-09-11,0.0,0.097009661,0.0,,1.455144913
1005,2016-09-12,0.0,0.090753215,0.0,1.25851429882,1.36129823
1006,2016-09-13,0.0,0.084900267,0.0,,1.273504003
1007,2016-09-14,0.0,0.079424793,0.0,,1.19137189
1008,2016-09-15,0.0,0.074302448,0.0,,1.114536725
1009,2016-09-16,0.0,0.069510459,0.0,,1.042656892
1010,2016-09-17,0.0,0.06502752,0.0,,0.975412805
1011,2016-09-18,0.0,0.060833699,0.0,,0.912505492
1012,2016-09-19,1.099350427,0.130200379,0.30409481,,1.953005689
1013,2016-09-20,0.0,0.121803364,0.0,,1.827050463
1014,2016-09-21,0.0,0.113947898,0.0,1.23064482669,1.709218471
1015,2016-09-22,0.0,0.106599055,0.0,,1.598985818
1016,2016-09-23,0.0,0.09972416,0.0,,1.495862402
1017,2016-09-24,0.0,0.093292648,0.0,,1.399389726
1018,2016-09-25,0.0,0.087275924,0.0,1.21626545224,1.309138863
1019,2016-09-26,0.0,0.081647237,0.0,,1.224708551
1020,2016-09-27,0.0,0.07638156,0.0,1.20835490844,1.145723404
1021,2016-09-28,0.0,0.071455483,0.0,,1.071832247
1022,2016-09-29,0.0,0.066847104,0.0,,1.002706554
1023,2016-09-30,0.0,0.062535932,0.0,,0.938038985
1024,2016-10-01,0.0,0.058502802,0.0,,0.877542023
1025,2016-10-02,0.0,0.054729779,0.0,,0.820946692
1026,2016-10-03,0.0,0.051200091,0.0,,0.768001365
1027,2016-10-04,0.0,0.047898043,0.0,1.18485884048,0.718470641
1028,2016-10-05,0.0,0.044808954,0.0,,0.672134303
1029,2016-10-06,0.0,0.041919089,0.0,1.17967245475,0.628786336
1030,2016-10-07,0.0,0.039215601,0.0,,0.588234009
1031,2016-10-08,0.0,0.036686468,0.0,,0.550297024
1032,2016-10-09,0.0,0.034320447,0.0,,0.51480671
1033,2016-10-10,0.0,0.032107018,0.0,,0.481605273
1034,2016-10-11,0.0,0.03003634,0.0,1.16932314316,0.450545097
1035,2016-10-12,0.0,0.028099206,0.0,1.16764042291,0.421488086
1036,2016-10-13,0.0,0.026287003,0.0,,0.394305048
1037,2016-10-14,0.0,0.024591675,0.0,,0.368875127
1038,2016-10-15,0.0,0.023005684,0.0,,0.345085258
1039,2016-10-16,0.0,0.021521978,0.0,1.16195494874,0.322829669
1040,2016-10-17,0.0,0.020133961,0.0,,0.30200941
1041,2016-10-18,0.0,0.018835461,0.0,,0.282531913
1042,2016-10-19,2.102975879,0.157819097,0.418755362,0.944289823785,2.367286457
1043,2016-10-20,0.0,0.147640868,0.0,,2.214613016
1044,2016-10-21,0.0,0.138119063,0.0,,2.071785946
1045,2016-10-22,0.0,0.129211348,0.0,,1.938170224
1046,2016-10-23,0.0,0.120878119,0.0,,1.813171782
1047,2016-10-24,0.0,0.113082325,0.0,0.887266663873,1.696234868
1048,2016-10-25,0.0,0.105789304,0.0,,1.586839567
1049,2016-10-26,0.0,0.098966633,0.0,0.911384500978,1.484499499
1050,2016-10-27,0.0,0.092583977,0.0,,1.388759651
1051,2016-10-28,0.0,0.086612957,0.0,,1.299194354
1052,2016-10-29,0.0,0.081027026,0.0,,1.215405393
1053,2016-10-30,0.0,0.075801349,0.0,,1.137020235
1054,2016-10-31,0.0,0.070912691,0.0,,1.063690372
1055,2016-11-01,0.0,0.066339318,0.0,,0.995089772
1056,2016-11-02,0.0,0.062060896,0.0,,0.930913433
1057,2016-11-03,0.0,0.058058401,0.0,,0.870876019
1058,2016-11-04,0.0,0.05431404,0.0,0.959274946695,0.814710599
1059,2016-11-05,0.0,0.050811164,0.0,,0.762167456
1060,2016-11-06,0.0,0.047534199,0.0,0.963278889792,0.713012979
1061,2016-11-07,0.0,0.044468575,0.0,,0.667028622
1062,2016-11-08,0.0,0.041600662,0.0,0.966195097682,0.624009935
1063,2016-11-09,0.0,0.03891771,0.0,,0.583765653
1064,2016-11-10,0.0,0.03640779,0.0,,0.546116846
1065,2016-11-11,0.0,0.034059742,0.0,,0.510896124
1066,2016-11-12,0.0,0.031863126,0.0,,0.477946893
1067,2016-11-13,0.0,0.029808177,0.0,,0.447122657
